cluster_id,standard_property,count
cluster_1,emission,311
cluster_10,emission,33
cluster_100,peak,15
cluster_1000,deep,2
cluster_1001,intraband,1
cluster_1002,tunability,2
cluster_1003,mode,2
cluster_1004,recombination,2
cluster_1005,bandgap,2
cluster_1006,vis,1
cluster_1007,stop,1
cluster_1008,protection,1
cluster_1009,range,2
cluster_101,diameter,6
cluster_1010,threshold,2
cluster_1011,nir,1
cluster_1012,overpotential,1
cluster_1013,well,2
cluster_1014,diameter,1
cluster_1015,valence,1
cluster_1016,core,1
cluster_1017,structural,2
cluster_1018,off,1
cluster_1019,off,2
cluster_102,radius,12
cluster_1020,transmittance,2
cluster_1021,epilayer,1
cluster_1022,edge,2
cluster_1023,fermi,2
cluster_1024,distribution,1
cluster_1025,low,2
cluster_1026,diameter,1
cluster_1027,spectroscopy,2
cluster_1028,front,1
cluster_1029,energy,2
cluster_103,trap,18
cluster_1030,insulation,1
cluster_1031,accuracy,2
cluster_1032,onset,2
cluster_1033,rate,2
cluster_1034,electron,2
cluster_1035,peak,2
cluster_1036,depletion,1
cluster_1037,quantum,2
cluster_1038,material,2
cluster_1039,shift,2
cluster_104,gap,22
cluster_1040,ratio,2
cluster_1041,ftir,2
cluster_1042,strain,1
cluster_1043,cathode,2
cluster_1044,selectivity,2
cluster_1045,insulator,2
cluster_1046,defect,2
cluster_1047,ecl,2
cluster_1048,resistance,2
cluster_1049,cladding,2
cluster_105,quantum,19
cluster_1050,quantization,1
cluster_1051,energy,2
cluster_1052,inas,2
cluster_1053,spectrum,2
cluster_1054,control,2
cluster_1055,presence,2
cluster_1056,diffusion,2
cluster_1057,atomic,1
cluster_1058,optical,1
cluster_1059,jsc,2
cluster_106,lifetime,22
cluster_1060,heating,1
cluster_1061,efficiency,2
cluster_1062,power,2
cluster_1063,mode,1
cluster_1064,quantum,2
cluster_1065,hole,2
cluster_1066,fwhm,2
cluster_1067,efficiency,2
cluster_1068,electrode,1
cluster_1069,free,2
cluster_107,surface,20
cluster_1070,gradient,2
cluster_1071,heat,1
cluster_1072,transition,2
cluster_1073,content,1
cluster_1074,peaks,2
cluster_1075,nanoparticle,1
cluster_1076,paramagnetic,1
cluster_1077,plasma,1
cluster_1078,mode,2
cluster_1079,enhancement,2
cluster_108,zno,18
cluster_1080,luminance,1
cluster_1081,interband,1
cluster_1082,valence,2
cluster_1083,surface,2
cluster_1084,dark,2
cluster_1085,dominant,2
cluster_1086,pec,2
cluster_1087,recombination,2
cluster_1088,internal,1
cluster_1089,burstein,1
cluster_109,orientation,18
cluster_1090,temperature,2
cluster_1091,temperature,2
cluster_1092,topography,2
cluster_1093,maximum,2
cluster_1094,asymmetry,2
cluster_1095,diagram,2
cluster_1096,recombination,2
cluster_1097,effect,2
cluster_1098,maximum,2
cluster_1099,transmission,2
cluster_11,structure,67
cluster_110,fwhm,21
cluster_1100,charge,2
cluster_1101,strain,2
cluster_1102,averaged,1
cluster_1103,plasmon,1
cluster_1104,deep,2
cluster_1105,blend,2
cluster_1106,cavity,2
cluster_1107,impurity,2
cluster_1108,multilayer,1
cluster_1109,thz,1
cluster_111,resistivity,19
cluster_1110,magnetoresistance,1
cluster_1111,trpl,1
cluster_1112,sheet,1
cluster_1113,rate,2
cluster_1114,crack,1
cluster_1115,sharpness,2
cluster_1116,optimization,1
cluster_1117,scratch,1
cluster_1118,orientation,2
cluster_1119,passivation,2
cluster_112,conductance,6
cluster_1120,activity,1
cluster_1121,surface,1
cluster_1122,texture,1
cluster_1123,responsivity,2
cluster_1124,work,1
cluster_1125,growth,2
cluster_1126,ground,2
cluster_1127,type,2
cluster_1128,number,1
cluster_1129,solution,1
cluster_113,deposition,19
cluster_1130,oxygen,1
cluster_1131,characteristics,2
cluster_1132,tuning,2
cluster_1133,luttinger,1
cluster_1134,integration,1
cluster_1135,resistance,2
cluster_1136,etch,2
cluster_1137,number,1
cluster_1138,cooling,2
cluster_1139,hole,1
cluster_114,noise,21
cluster_1140,conversion,1
cluster_1141,dark,2
cluster_1142,dimensions,2
cluster_1143,carrier,2
cluster_1144,width,2
cluster_1145,saturated,2
cluster_1146,fabry,2
cluster_1147,mode,1
cluster_1148,depth,2
cluster_1149,blueshift,1
cluster_115,xrd,13
cluster_1150,electrochemical,2
cluster_1151,crack,1
cluster_1152,bulk,2
cluster_1153,xrd,2
cluster_1154,indium,1
cluster_1155,average,1
cluster_1156,width,1
cluster_1157,non,2
cluster_1158,pixel,2
cluster_1159,chlorine,2
cluster_116,content,4
cluster_1160,stretching,2
cluster_1161,mosaicity,1
cluster_1162,coupling,2
cluster_1163,physical,2
cluster_1164,optimal,1
cluster_1165,ordering,2
cluster_1166,spacing,2
cluster_1167,doping,1
cluster_1168,polaron,1
cluster_1169,steady,2
cluster_117,drain,22
cluster_1170,dependence,2
cluster_1171,growth,2
cluster_1172,bond,1
cluster_1173,mechanical,1
cluster_1174,presence,1
cluster_1175,dislocation,2
cluster_1176,cooling,2
cluster_1177,photocatalytic,1
cluster_1178,absorptance,2
cluster_1179,grain,2
cluster_118,impurity,17
cluster_1180,nitridation,1
cluster_1181,adiabatic,1
cluster_1182,characteristic,2
cluster_1183,general,1
cluster_1184,state,2
cluster_1185,coalescence,2
cluster_1186,deep,2
cluster_1187,transmission,2
cluster_1188,contribution,2
cluster_1189,purity,2
cluster_119,density,19
cluster_1190,ingan,1
cluster_1191,latent,1
cluster_1192,reduced,2
cluster_1193,field,2
cluster_1194,size,2
cluster_1195,phonon,1
cluster_1196,position,1
cluster_1197,characteristic,2
cluster_1198,mechanical,1
cluster_1199,modulator,1
cluster_12,thickness,89
cluster_120,energy,4
cluster_1200,radiative,2
cluster_1201,effective,1
cluster_1202,calibration,2
cluster_1203,dephasing,2
cluster_1204,level,2
cluster_1205,parameter,2
cluster_1206,mode,2
cluster_1207,rate,2
cluster_1208,potential,1
cluster_1209,rate,2
cluster_121,peak,14
cluster_1210,local,2
cluster_1211,average,2
cluster_1212,intermixing,1
cluster_1213,stability,2
cluster_1214,measurement,2
cluster_1215,film,2
cluster_1216,transfer,2
cluster_1217,mode,2
cluster_1218,chemical,2
cluster_1219,bond,2
cluster_122,interface,13
cluster_1220,donors,2
cluster_1221,flow,2
cluster_1222,microwave,2
cluster_1223,superlattice,1
cluster_1224,oxidation,1
cluster_1225,differential,2
cluster_1226,cell,2
cluster_1227,bowing,2
cluster_1228,background,2
cluster_1229,mode,2
cluster_123,output,18
cluster_1230,effective,1
cluster_1231,ion,2
cluster_1232,noise,2
cluster_1233,rate,2
cluster_1234,effective,2
cluster_1235,rate,1
cluster_1236,xrd,2
cluster_1237,fwhm,2
cluster_1238,ohmic,2
cluster_1239,current,2
cluster_124,shape,12
cluster_1240,slope,1
cluster_1241,interfacial,2
cluster_1242,characteristic,2
cluster_1243,photocatalytic,2
cluster_1244,third,2
cluster_1245,cluster,1
cluster_1246,attenuation,2
cluster_1247,threshold,2
cluster_1248,plane,2
cluster_1249,heterostructure,2
cluster_125,bond,8
cluster_1250,states,2
cluster_1251,particles,2
cluster_1252,nuclear,1
cluster_1253,adsorption,1
cluster_1254,switching,2
cluster_1255,molecular,2
cluster_1256,wettability,1
cluster_1257,forward,2
cluster_1258,resistance,2
cluster_1259,average,1
cluster_126,photovoltaic,9
cluster_1260,mott,2
cluster_1261,iuv,1
cluster_1262,power,2
cluster_1263,configuration,2
cluster_1264,phosphorus,2
cluster_1265,nonsaturable,1
cluster_1266,top,2
cluster_1267,tolerance,2
cluster_1268,stretching,2
cluster_1269,fracture,1
cluster_127,current,17
cluster_1270,static,1
cluster_1271,current,2
cluster_1272,arsenic,2
cluster_1273,shear,2
cluster_1274,smoothness,2
cluster_1275,device,2
cluster_1276,spin,2
cluster_1277,mass,2
cluster_1278,kinetic,1
cluster_1279,complex,2
cluster_128,composition,18
cluster_1280,bias,2
cluster_1281,content,1
cluster_1282,contact,2
cluster_1283,epitaxial,2
cluster_1284,gate,2
cluster_1285,ohmic,1
cluster_1286,negative,1
cluster_1287,content,1
cluster_1288,response,2
cluster_1289,hole,2
cluster_129,etch,18
cluster_1290,sheet,2
cluster_1291,presence,2
cluster_1292,parity,1
cluster_1293,dbr,2
cluster_1294,numerical,2
cluster_1295,nanowires,2
cluster_1296,coherence,2
cluster_1297,self,1
cluster_1298,nonlinearity,2
cluster_1299,frequency,2
cluster_13,peak,44
cluster_130,peak,16
cluster_1300,micrograph,2
cluster_1301,dynamic,2
cluster_1302,warp,1
cluster_1303,xps,1
cluster_1304,quality,2
cluster_1305,coupling,2
cluster_1306,zeeman,2
cluster_1307,ibe,1
cluster_1308,time,2
cluster_1309,exchange,2
cluster_131,structure,11
cluster_1310,cbm,2
cluster_1311,twin,2
cluster_1312,role,2
cluster_1313,noise,2
cluster_1314,time,2
cluster_1315,stripe,1
cluster_1316,resolution,2
cluster_1317,stretching,1
cluster_1318,fill,1
cluster_1319,velocity,2
cluster_132,width,16
cluster_1320,polarization,1
cluster_1321,etch,2
cluster_1322,intracellular,1
cluster_1323,volume,2
cluster_1324,presence,1
cluster_1325,top,1
cluster_1326,quantum,2
cluster_1327,cross,1
cluster_1328,border,1
cluster_1329,readback,1
cluster_133,uniformity,17
cluster_1330,configuration,2
cluster_1331,dark,2
cluster_1332,presence,2
cluster_1333,deformation,2
cluster_1334,areal,1
cluster_1335,molecular,1
cluster_1336,homo,2
cluster_1337,grading,2
cluster_1338,defect,1
cluster_1339,group,2
cluster_134,cell,15
cluster_1340,content,1
cluster_1341,hopping,2
cluster_1342,feature,2
cluster_1343,dos,2
cluster_1344,topology,2
cluster_1345,angle,2
cluster_1346,integration,1
cluster_1347,triplet,2
cluster_1348,degree,1
cluster_1349,collector,2
cluster_135,anisotropy,17
cluster_1350,channel,1
cluster_1351,content,1
cluster_1352,vertical,2
cluster_1353,mass,2
cluster_1354,bonding,1
cluster_1355,gain,2
cluster_1356,fano,1
cluster_1357,depletion,2
cluster_1358,mesa,2
cluster_1359,anchoring,1
cluster_136,growth,16
cluster_1360,deviation,2
cluster_1361,inversion,2
cluster_1362,misorientations,1
cluster_1363,area,2
cluster_1364,order,2
cluster_1365,charge,2
cluster_1366,contact,2
cluster_1367,input,2
cluster_1368,radius,2
cluster_1369,oxygen,1
cluster_137,chemical,13
cluster_1370,performance,2
cluster_1371,radius,1
cluster_1372,factor,2
cluster_1373,beam,1
cluster_1374,pitch,1
cluster_1375,angle,2
cluster_1376,groove,2
cluster_1377,load,2
cluster_1378,additives,1
cluster_1379,magnetic,1
cluster_138,stability,15
cluster_1380,ratio,2
cluster_1381,rotation,1
cluster_1382,dissipation,2
cluster_1383,deg,1
cluster_1384,chlorine,2
cluster_1385,correlations,1
cluster_1386,axis,2
cluster_1387,mode,2
cluster_1388,pattern,2
cluster_1389,fwhm,1
cluster_139,hall,17
cluster_1390,input,2
cluster_1391,hardness,2
cluster_1392,polaron,1
cluster_1393,loss,2
cluster_1394,extinction,2
cluster_1395,response,1
cluster_1396,color,1
cluster_1397,curve,2
cluster_1398,edge,1
cluster_1399,expansion,2
cluster_14,thickness,104
cluster_140,energy,5
cluster_1400,array,1
cluster_1401,adsorption,2
cluster_1402,coherence,2
cluster_1403,stark,2
cluster_1404,geometric,1
cluster_1405,termination,2
cluster_1406,turn,2
cluster_1407,sidewall,2
cluster_1408,tensor,2
cluster_1409,reciprocal,2
cluster_141,index,10
cluster_1410,width,2
cluster_1411,ferromagnetic,1
cluster_1412,order,2
cluster_1413,clock,1
cluster_1414,ion,1
cluster_1415,stretching,2
cluster_1416,tip,2
cluster_1417,slope,2
cluster_1418,phase,1
cluster_1419,projected,1
cluster_142,concentration,3
cluster_1420,number,1
cluster_1421,detection,1
cluster_1422,trap,2
cluster_1423,product,1
cluster_1424,bulk,1
cluster_1425,experimental,2
cluster_1426,rate,2
cluster_1427,removal,2
cluster_1428,vitro,1
cluster_1429,sensitization,1
cluster_143,energy,12
cluster_1430,factor,2
cluster_1431,potential,2
cluster_1432,properties,2
cluster_1433,vis,1
cluster_1434,characteristics,1
cluster_1435,connectivity,1
cluster_1436,content,1
cluster_1437,softness,2
cluster_1438,hysteresis,2
cluster_1439,mean,2
cluster_144,resonance,10
cluster_1440,blocking,2
cluster_1441,coupling,2
cluster_1442,electrical,1
cluster_1443,time,2
cluster_1444,bleach,2
cluster_1445,pulse,2
cluster_1446,wear,2
cluster_1447,fringes,2
cluster_1448,metastability,1
cluster_1449,content,2
cluster_145,aln,9
cluster_1450,circuit,2
cluster_1451,propagation,2
cluster_1452,disorder,2
cluster_1453,number,1
cluster_1454,localization,2
cluster_1455,layout,1
cluster_1456,voltammetry,2
cluster_1457,presence,2
cluster_1458,rms,2
cluster_1459,retention,2
cluster_146,contact,14
cluster_1460,moment,2
cluster_1461,half,1
cluster_1462,voc,2
cluster_1463,reaction,1
cluster_1464,content,2
cluster_1465,carrier,1
cluster_1466,spin,2
cluster_1467,generation,2
cluster_1468,sputtering,1
cluster_1469,cross,2
cluster_147,etching,16
cluster_1470,shunt,2
cluster_1471,curve,2
cluster_1472,arrhenius,2
cluster_1473,positron,2
cluster_1474,real,1
cluster_1475,rectification,2
cluster_1476,network,2
cluster_1477,count,2
cluster_1478,water,2
cluster_1479,amorphicity,1
cluster_148,presence,5
cluster_1480,presence,1
cluster_1481,pixel,2
cluster_1482,field,2
cluster_1483,presence,2
cluster_1484,entanglement,2
cluster_1485,photon,2
cluster_1486,sulfurization,1
cluster_1487,type,1
cluster_1488,self,2
cluster_1489,jsc,1
cluster_149,ratio,7
cluster_1490,array,1
cluster_1491,localization,2
cluster_1492,quality,2
cluster_1493,impedance,2
cluster_1494,nitrogen,1
cluster_1495,linear,2
cluster_1496,dihedral,2
cluster_1497,field,2
cluster_1498,median,2
cluster_1499,number,1
cluster_15,electron,103
cluster_150,resistance,14
cluster_1500,pyroelectric,1
cluster_1501,readout,2
cluster_1502,scan,2
cluster_1503,integration,2
cluster_1504,failure,2
cluster_1505,superconducting,1
cluster_1506,migration,2
cluster_1507,repeatability,1
cluster_1508,glucose,2
cluster_1509,gain,2
cluster_151,coupling,16
cluster_1510,constant,2
cluster_1511,exponent,2
cluster_1512,rate,1
cluster_1513,position,1
cluster_1514,sequence,2
cluster_1515,storage,2
cluster_1516,graphitic,1
cluster_1517,response,2
cluster_1518,functional,1
cluster_1519,tdd,1
cluster_152,presence,4
cluster_1520,wavefunctions,1
cluster_1521,number,1
cluster_1522,vbm,2
cluster_1523,setting,1
cluster_1524,coordination,2
cluster_1525,ligand,2
cluster_1526,sample,1
cluster_1527,coercivity,1
cluster_1528,displacement,2
cluster_1529,interference,2
cluster_153,dislocations,7
cluster_1530,factor,2
cluster_1531,frame,1
cluster_1532,effect,2
cluster_1533,modulus,2
cluster_1534,sem,1
cluster_1535,turn,1
cluster_1536,humidity,1
cluster_1537,molecular,1
cluster_1538,solubility,2
cluster_1539,buckling,1
cluster_154,length,16
cluster_1540,permeability,1
cluster_1541,isolation,1
cluster_1542,jsc,1
cluster_1543,modulus,2
cluster_1544,hahn,1
cluster_1545,stacking,2
cluster_1546,dynamic,2
cluster_1547,field,2
cluster_1548,wind,1
cluster_1549,hexagonal,1
cluster_155,breakdown,15
cluster_1550,eye,1
cluster_1551,isolation,1
cluster_1552,binding,2
cluster_1553,production,1
cluster_1554,step,2
cluster_1555,number,2
cluster_1556,jsc,2
cluster_1557,fabrication,1
cluster_1558,time,2
cluster_1559,sample,2
cluster_156,optical,9
cluster_1560,electronic,1
cluster_1561,amount,2
cluster_1562,rabi,1
cluster_1563,reactor,2
cluster_1564,process,1
cluster_1565,value,1
cluster_1566,nitridation,2
cluster_1567,fluorine,2
cluster_1568,tem,2
cluster_1569,back,1
cluster_157,energy,6
cluster_1570,implant,2
cluster_1571,observation,1
cluster_1572,divergence,2
cluster_1573,tauc,1
cluster_1574,spatial,1
cluster_1575,gallium,1
cluster_1576,localization,2
cluster_1577,not,2
cluster_1578,value,2
cluster_1579,identical,1
cluster_158,efficiency,6
cluster_1580,autocorrelation,2
cluster_1581,ratio,1
cluster_1582,number,2
cluster_1583,voc,1
cluster_1584,texture,2
cluster_1585,relationship,2
cluster_1586,simulation,2
cluster_1587,modulus,2
cluster_1588,signal,2
cluster_1589,mott,2
cluster_159,confinement,12
cluster_1590,degree,1
cluster_1591,cte,1
cluster_1592,amount,1
cluster_1593,radical,2
cluster_1594,experimental,2
cluster_1595,uptake,2
cluster_1596,semiconducting,2
cluster_1597,components,1
cluster_1598,fowler,2
cluster_1599,ratio,2
cluster_16,energy,99
cluster_160,contact,14
cluster_1600,constant,2
cluster_1601,distortion,2
cluster_1602,varshni,2
cluster_1603,population,2
cluster_1604,factor,2
cluster_1605,index,2
cluster_1606,vacancies,1
cluster_1607,period,2
cluster_1608,ros,2
cluster_1609,seebeck,2
cluster_161,thermal,12
cluster_1610,probability,2
cluster_1611,photoanode,1
cluster_1612,number,2
cluster_1613,cie,2
cluster_1614,catalyst,1
cluster_1615,presence,1
cluster_1616,knoop,1
cluster_1617,presence,2
cluster_1618,peroxidase,1
cluster_1619,field,2
cluster_162,width,15
cluster_1620,micropipes,1
cluster_1621,tolerance,2
cluster_1622,hydrophilicity,1
cluster_1623,electrophilicity,1
cluster_1624,tga,2
cluster_1625,bowing,1
cluster_1626,windowing,1
cluster_1627,blinking,1
cluster_1628,limit,1
cluster_1629,average,1
cluster_163,qds,4
cluster_1630,activity,2
cluster_1631,netd,2
cluster_1632,shubnikov,2
cluster_1633,primary,1
cluster_1634,product,2
cluster_1635,presence,2
cluster_1636,friction,2
cluster_1637,cytotoxicity,1
cluster_1638,specificity,2
cluster_1639,pbi,2
cluster_164,current,11
cluster_1640,mesostructure,1
cluster_1641,used,2
cluster_1642,michaelis,2
cluster_1643,bistability,1
cluster_1644,point,2
cluster_1645,rsh,1
cluster_1646,activity,2
cluster_1647,hybridization,2
cluster_1648,delamination,2
cluster_1649,rta,1
cluster_165,orientation,10
cluster_1650,biofilm,2
cluster_166,stress,14
cluster_167,angle,14
cluster_168,reflectivity,10
cluster_169,bandgap,6
cluster_17,peak,78
cluster_170,layer,12
cluster_171,ratio,13
cluster_172,transmission,11
cluster_173,gain,14
cluster_174,width,13
cluster_175,height,13
cluster_176,elemental,7
cluster_177,modulation,13
cluster_178,pore,9
cluster_179,defects,7
cluster_18,growth,89
cluster_180,electron,9
cluster_181,sic,14
cluster_182,cavity,13
cluster_183,capacitance,14
cluster_184,pattern,12
cluster_185,interaction,9
cluster_186,mole,14
cluster_187,presence,13
cluster_188,cell,11
cluster_189,incorporation,14
cluster_19,temperature,82
cluster_190,leakage,14
cluster_191,not,15
cluster_192,fwhm,11
cluster_193,photoresponse,5
cluster_194,energy,7
cluster_195,electron,10
cluster_196,reflectivity,8
cluster_197,field,12
cluster_198,loss,12
cluster_199,hysteresis,13
cluster_2,photocurrent,107
cluster_20,concentration,60
cluster_200,electrical,3
cluster_201,material,8
cluster_202,valence,13
cluster_203,electrode,11
cluster_204,mode,9
cluster_205,oxidation,13
cluster_206,facets,7
cluster_207,peak,10
cluster_208,width,7
cluster_209,photoconductivity,3
cluster_21,spectrum,40
cluster_210,photoresponse,7
cluster_211,peak,10
cluster_212,band,12
cluster_213,power,12
cluster_214,epitaxial,10
cluster_215,channel,10
cluster_216,plasma,11
cluster_217,conductivity,3
cluster_218,temperature,9
cluster_219,cross,12
cluster_22,energy,63
cluster_220,height,12
cluster_221,concentration,3
cluster_222,hole,7
cluster_223,gan,12
cluster_224,voltage,9
cluster_225,gate,12
cluster_226,junction,10
cluster_227,tunneling,9
cluster_228,angle,10
cluster_229,dopant,12
cluster_23,defect,51
cluster_230,transmittance,3
cluster_231,peaks,9
cluster_232,photoluminescence,8
cluster_233,peak,9
cluster_234,peak,8
cluster_235,transmittance,7
cluster_236,interlayer,5
cluster_237,response,10
cluster_238,quantum,10
cluster_239,amplitude,9
cluster_24,gap,74
cluster_240,current,8
cluster_241,coating,9
cluster_242,critical,9
cluster_243,current,11
cluster_244,length,10
cluster_245,polarization,10
cluster_246,cross,11
cluster_247,electrical,4
cluster_248,density,10
cluster_249,thermal,5
cluster_25,carrier,69
cluster_250,nucleation,11
cluster_251,lifetime,7
cluster_252,lattice,10
cluster_253,bonding,7
cluster_254,length,9
cluster_255,grating,11
cluster_256,charge,10
cluster_257,voltage,11
cluster_258,magnetization,5
cluster_259,wavelength,9
cluster_26,exciton,32
cluster_260,depth,10
cluster_261,photovoltaic,4
cluster_262,morphology,3
cluster_263,maximum,9
cluster_264,residual,10
cluster_265,width,9
cluster_266,relaxation,10
cluster_267,efficiency,4
cluster_268,hydrogen,10
cluster_269,lateral,10
cluster_27,ratio,51
cluster_270,concentration,3
cluster_271,stacking,7
cluster_272,diffraction,7
cluster_273,structure,9
cluster_274,waveguide,9
cluster_275,voltage,10
cluster_276,gan,10
cluster_277,presence,2
cluster_278,oxygen,10
cluster_279,elastic,9
cluster_28,current,51
cluster_280,magnetic,7
cluster_281,stacking,11
cluster_282,optical,6
cluster_283,energy,7
cluster_284,light,2
cluster_285,threshold,4
cluster_286,defect,8
cluster_287,ratio,9
cluster_288,frequency,9
cluster_289,efficiency,9
cluster_29,emission,40
cluster_290,response,8
cluster_291,bandgap,8
cluster_292,factor,9
cluster_293,morphology,6
cluster_294,power,8
cluster_295,resolution,9
cluster_296,trap,8
cluster_297,potential,9
cluster_298,oxygen,5
cluster_299,performance,5
cluster_3,surface,130
cluster_30,resistance,40
cluster_300,relaxation,9
cluster_301,diffusion,9
cluster_302,device,7
cluster_303,detectivity,5
cluster_304,diffusion,9
cluster_305,field,9
cluster_306,loss,8
cluster_307,gas,7
cluster_308,annealing,9
cluster_309,schematic,9
cluster_31,composition,52
cluster_310,bias,8
cluster_311,bias,9
cluster_312,flow,8
cluster_313,absorption,6
cluster_314,visible,4
cluster_315,exciton,6
cluster_316,transition,6
cluster_317,band,9
cluster_318,surface,8
cluster_319,peak,8
cluster_32,phase,52
cluster_320,crystal,6
cluster_321,fwhm,7
cluster_322,fwhm,8
cluster_323,threshold,8
cluster_324,fluorescence,7
cluster_325,coefficient,7
cluster_326,profile,8
cluster_327,core,8
cluster_328,average,8
cluster_329,time,8
cluster_33,lattice,48
cluster_330,lifetime,6
cluster_331,threshold,8
cluster_332,sensitivity,8
cluster_333,average,6
cluster_334,surface,4
cluster_335,quality,8
cluster_336,amorphous,8
cluster_337,voltage,8
cluster_338,electron,7
cluster_339,mode,4
cluster_34,layer,28
cluster_340,carrier,7
cluster_341,depth,8
cluster_342,responsivity,8
cluster_343,wafer,8
cluster_344,uniformity,7
cluster_345,current,7
cluster_346,radiation,3
cluster_347,interface,8
cluster_348,phase,7
cluster_349,lattice,8
cluster_35,charge,51
cluster_350,grain,7
cluster_351,composition,4
cluster_352,stability,8
cluster_353,far,8
cluster_354,molar,7
cluster_355,current,5
cluster_356,donor,8
cluster_357,pattern,6
cluster_358,bond,7
cluster_359,angle,5
cluster_36,decay,44
cluster_360,voltage,8
cluster_361,carbon,8
cluster_362,damping,7
cluster_363,voltage,8
cluster_364,piezoelectric,5
cluster_365,parameter,8
cluster_366,absorption,3
cluster_367,frequency,6
cluster_368,energy,7
cluster_369,maximum,7
cluster_37,phonon,52
cluster_370,peak,4
cluster_371,bandgap,7
cluster_372,degradation,7
cluster_373,reflection,6
cluster_374,quenching,7
cluster_375,eqe,6
cluster_376,cross,7
cluster_377,band,4
cluster_378,decay,4
cluster_379,responsivity,7
cluster_38,efficiency,45
cluster_380,oxygen,7
cluster_381,normalized,7
cluster_382,average,2
cluster_383,conductance,4
cluster_384,shape,6
cluster_385,output,7
cluster_386,quality,7
cluster_387,density,6
cluster_388,temperature,4
cluster_389,shift,6
cluster_39,diameter,49
cluster_390,qds,2
cluster_391,algan,5
cluster_392,coefficient,6
cluster_393,alignment,3
cluster_394,cds,5
cluster_395,capacitance,3
cluster_396,separation,7
cluster_397,splitting,7
cluster_398,distribution,7
cluster_399,volume,5
cluster_4,absorption,129
cluster_40,spectral,18
cluster_400,fall,7
cluster_401,interface,6
cluster_402,impurities,1
cluster_403,dispersion,6
cluster_404,valence,7
cluster_405,velocity,6
cluster_406,potential,7
cluster_407,crack,3
cluster_408,content,1
cluster_409,metallicity,2
cluster_41,energy,40
cluster_410,sem,7
cluster_411,molecular,2
cluster_412,signal,7
cluster_413,pce,7
cluster_414,stability,5
cluster_415,adsorption,6
cluster_416,fill,7
cluster_417,pixel,5
cluster_418,factor,7
cluster_419,array,7
cluster_42,surface,32
cluster_420,capacity,4
cluster_421,intensity,3
cluster_422,peak,6
cluster_423,range,4
cluster_424,color,4
cluster_425,fwhm,6
cluster_426,edge,3
cluster_427,sensitivity,6
cluster_428,band,4
cluster_429,rate,5
cluster_43,strain,44
cluster_430,lasing,5
cluster_431,response,6
cluster_432,photocatalytic,3
cluster_433,structure,2
cluster_434,mqw,5
cluster_435,background,6
cluster_436,oscillation,3
cluster_437,deep,6
cluster_438,damage,5
cluster_439,sensitivity,6
cluster_44,band,40
cluster_440,recovery,4
cluster_441,refractive,3
cluster_442,shell,5
cluster_443,transmission,6
cluster_444,film,6
cluster_445,ray,6
cluster_446,efficiency,2
cluster_447,lattice,5
cluster_448,coverage,5
cluster_449,composition,6
cluster_45,barrier,36
cluster_450,distribution,6
cluster_451,beam,6
cluster_452,width,5
cluster_453,deformation,4
cluster_454,quality,6
cluster_455,binding,5
cluster_456,dye,6
cluster_457,electron,3
cluster_458,scattering,6
cluster_459,fwhm,6
cluster_46,raman,47
cluster_460,switching,5
cluster_461,pulse,3
cluster_462,radius,6
cluster_463,detector,6
cluster_464,index,6
cluster_465,quantum,6
cluster_466,charge,5
cluster_467,content,2
cluster_468,ratio,3
cluster_469,fraction,6
cluster_47,spectrum,20
cluster_470,yield,6
cluster_471,work,6
cluster_472,short,6
cluster_473,operating,4
cluster_474,transconductance,6
cluster_475,magnetic,3
cluster_476,gate,6
cluster_477,detection,4
cluster_478,characteristics,2
cluster_479,pressure,6
cluster_48,recombination,45
cluster_480,product,4
cluster_481,band,4
cluster_482,exciton,3
cluster_483,threshold,5
cluster_484,presence,2
cluster_485,peak,5
cluster_486,transparency,3
cluster_487,efficiency,5
cluster_488,factor,5
cluster_489,buffer,5
cluster_49,conductivity,36
cluster_490,short,5
cluster_491,active,5
cluster_492,edge,5
cluster_493,position,5
cluster_494,distribution,4
cluster_495,surface,4
cluster_496,lifetime,5
cluster_497,crystallinity,5
cluster_498,mean,5
cluster_499,output,3
cluster_5,intensity,59
cluster_50,atomic,32
cluster_500,formation,3
cluster_501,lumo,5
cluster_502,homogeneity,5
cluster_503,bond,2
cluster_504,ipce,5
cluster_505,oscillator,1
cluster_506,ratio,5
cluster_507,density,4
cluster_508,activation,5
cluster_509,quantum,5
cluster_51,efficiency,43
cluster_510,space,5
cluster_511,size,5
cluster_512,shift,5
cluster_513,base,5
cluster_514,vibrational,2
cluster_515,geometry,3
cluster_516,tio,5
cluster_517,reaction,4
cluster_518,density,5
cluster_519,width,5
cluster_52,luminescence,29
cluster_520,ground,5
cluster_521,broadening,5
cluster_522,roughness,5
cluster_523,ordering,5
cluster_524,symmetry,5
cluster_525,bond,2
cluster_526,formation,5
cluster_527,xps,5
cluster_528,rocking,5
cluster_529,current,3
cluster_53,temperature,34
cluster_530,molecular,5
cluster_531,average,4
cluster_532,loss,5
cluster_533,imaging,1
cluster_534,mobility,5
cluster_535,function,4
cluster_536,junction,3
cluster_537,contrast,4
cluster_538,period,4
cluster_539,mode,3
cluster_54,optical,20
cluster_540,distribution,5
cluster_541,fermi,5
cluster_542,fwhm,4
cluster_543,compensation,4
cluster_544,dark,4
cluster_545,dimensions,5
cluster_546,oxidation,4
cluster_547,diode,5
cluster_548,length,5
cluster_549,size,3
cluster_55,band,30
cluster_550,boron,6
cluster_551,oscillations,4
cluster_552,lumo,5
cluster_553,voltage,5
cluster_554,fermi,5
cluster_555,periodicity,5
cluster_556,bond,5
cluster_557,vacuum,5
cluster_558,domain,4
cluster_559,characteristics,3
cluster_56,activation,40
cluster_560,content,5
cluster_561,permittivity,4
cluster_562,heterojunction,5
cluster_563,urbach,5
cluster_564,rate,4
cluster_565,polytype,2
cluster_566,implantation,5
cluster_567,order,5
cluster_568,figure,5
cluster_569,presence,4
cluster_57,reflectance,9
cluster_570,spectra,4
cluster_571,plasmon,2
cluster_572,bands,3
cluster_573,emitter,3
cluster_574,peak,3
cluster_575,enhancement,4
cluster_576,response,1
cluster_577,peak,4
cluster_578,resonant,4
cluster_579,range,2
cluster_58,energy,30
cluster_580,light,2
cluster_581,ellipsometric,1
cluster_582,coefficient,4
cluster_583,pattern,4
cluster_584,quantum,1
cluster_585,infrared,4
cluster_586,potential,2
cluster_587,type,4
cluster_588,stability,4
cluster_589,area,4
cluster_59,temperature,38
cluster_590,excited,4
cluster_591,saturation,3
cluster_592,photocatalytic,4
cluster_593,presence,3
cluster_594,photon,4
cluster_595,strength,3
cluster_596,response,2
cluster_597,morphology,3
cluster_598,device,4
cluster_599,transconductance,4
cluster_6,crystal,63
cluster_60,band,15
cluster_600,relaxation,3
cluster_601,index,4
cluster_602,layer,2
cluster_603,ratio,2
cluster_604,device,4
cluster_605,transient,4
cluster_606,full,4
cluster_607,lifetime,4
cluster_608,rise,4
cluster_609,well,3
cluster_61,interface,34
cluster_610,deep,3
cluster_611,contamination,4
cluster_612,planarity,2
cluster_613,optical,1
cluster_614,structure,2
cluster_615,electronic,3
cluster_616,mirror,2
cluster_617,splitting,4
cluster_618,performance,2
cluster_619,power,3
cluster_62,density,39
cluster_620,microstructure,3
cluster_621,power,4
cluster_622,standard,4
cluster_623,atomic,2
cluster_624,saturation,3
cluster_625,stripe,2
cluster_626,transfer,4
cluster_627,modal,4
cluster_628,growth,2
cluster_629,oxide,3
cluster_63,dislocation,29
cluster_630,defect,3
cluster_631,type,4
cluster_632,alignment,4
cluster_633,preparation,2
cluster_634,state,3
cluster_635,afm,4
cluster_636,orientation,3
cluster_637,density,3
cluster_638,mobility,4
cluster_639,contrast,1
cluster_64,substrate,36
cluster_640,lateral,4
cluster_641,response,4
cluster_642,acceptor,4
cluster_643,content,1
cluster_644,spin,4
cluster_645,resistance,4
cluster_646,active,4
cluster_647,flux,4
cluster_648,binding,4
cluster_649,composition,3
cluster_65,capacitance,37
cluster_650,impurity,4
cluster_651,formation,4
cluster_652,hole,2
cluster_653,gan,4
cluster_654,system,4
cluster_655,vibration,4
cluster_656,power,3
cluster_657,tilt,4
cluster_658,volume,3
cluster_659,distortion,3
cluster_66,film,36
cluster_660,trapping,4
cluster_661,strength,2
cluster_662,domain,4
cluster_663,packing,3
cluster_664,carbon,2
cluster_665,stability,2
cluster_666,nitrogen,4
cluster_667,stoichiometry,4
cluster_668,size,4
cluster_669,decomposition,4
cluster_67,band,25
cluster_670,pressure,4
cluster_671,reduction,1
cluster_672,slope,3
cluster_673,simulation,4
cluster_674,hole,4
cluster_675,electrochemical,3
cluster_676,period,3
cluster_677,spv,4
cluster_678,micro,1
cluster_679,indium,4
cluster_68,efficiency,18
cluster_680,decomposition,4
cluster_681,reverse,4
cluster_682,threading,1
cluster_683,mirror,4
cluster_684,tilt,4
cluster_685,rheed,4
cluster_686,field,4
cluster_687,correlation,4
cluster_688,frequency,4
cluster_689,spin,4
cluster_69,energy,29
cluster_690,noise,3
cluster_691,wavenumber,1
cluster_692,adsorption,4
cluster_693,ratio,3
cluster_694,steps,2
cluster_695,weight,4
cluster_696,cleaning,3
cluster_697,dielectric,2
cluster_698,pit,3
cluster_699,sensitivity,2
cluster_7,concentration,100
cluster_70,structure,20
cluster_700,system,4
cluster_701,distance,2
cluster_702,factor,4
cluster_703,improvement,1
cluster_704,degradation,3
cluster_705,finger,3
cluster_706,schottky,4
cluster_707,voc,4
cluster_708,measurement,1
cluster_709,dipole,4
cluster_71,hole,29
cluster_710,coulomb,4
cluster_711,parameter,4
cluster_712,time,4
cluster_713,orbital,3
cluster_714,nmr,4
cluster_715,image,3
cluster_716,crosstalk,4
cluster_717,weight,4
cluster_718,hardness,3
cluster_719,application,3
cluster_72,depth,33
cluster_720,suitability,1
cluster_721,photoluminescence,1
cluster_722,energy,3
cluster_723,width,3
cluster_724,peak,3
cluster_725,performance,2
cluster_726,raman,1
cluster_727,exciton,3
cluster_728,ratio,2
cluster_729,transition,1
cluster_73,polarization,25
cluster_730,power,1
cluster_731,fwhm,3
cluster_732,transitions,2
cluster_733,shift,3
cluster_734,light,2
cluster_735,shift,3
cluster_736,band,2
cluster_737,distribution,3
cluster_738,temperature,3
cluster_739,angle,3
cluster_74,current,33
cluster_740,kinetics,2
cluster_741,atomic,1
cluster_742,bandgap,2
cluster_743,metal,3
cluster_744,factor,3
cluster_745,spectrum,3
cluster_746,position,3
cluster_747,properties,2
cluster_748,amplification,3
cluster_749,line,2
cluster_75,dielectric,32
cluster_750,near,3
cluster_751,shift,3
cluster_752,monolayer,2
cluster_753,lifetime,2
cluster_754,peak,3
cluster_755,defect,2
cluster_756,etched,3
cluster_757,number,3
cluster_758,window,3
cluster_759,lattice,2
cluster_76,width,14
cluster_760,vertical,2
cluster_761,extinction,1
cluster_762,detector,1
cluster_763,composition,2
cluster_764,sample,3
cluster_765,diameter,1
cluster_766,quantum,3
cluster_767,optical,2
cluster_768,density,3
cluster_769,sihn,1
cluster_77,binding,30
cluster_770,emitter,3
cluster_771,frequency,2
cluster_772,nature,3
cluster_773,stability,3
cluster_774,sio,2
cluster_775,nbe,2
cluster_776,aperture,1
cluster_777,eqe,2
cluster_778,quantum,3
cluster_779,conversion,2
cluster_78,gain,31
cluster_780,width,3
cluster_781,range,3
cluster_782,appearance,2
cluster_783,raman,3
cluster_784,oscillator,3
cluster_785,lateral,1
cluster_786,lattice,1
cluster_787,layer,3
cluster_788,condition,2
cluster_789,threshold,3
cluster_79,saturation,29
cluster_790,doping,3
cluster_791,cooling,2
cluster_792,stability,3
cluster_793,width,3
cluster_794,collector,3
cluster_795,transition,3
cluster_796,air,3
cluster_797,zero,1
cluster_798,offset,3
cluster_799,parameter,3
cluster_8,wavelength,85
cluster_80,bonding,24
cluster_800,wall,1
cluster_801,effective,3
cluster_802,resistance,2
cluster_803,thz,3
cluster_804,output,3
cluster_805,lattice,3
cluster_806,electronic,2
cluster_807,fluctuations,2
cluster_808,concentration,2
cluster_809,concentration,3
cluster_81,roughness,29
cluster_810,effective,2
cluster_811,effective,1
cluster_812,resistance,3
cluster_813,metallization,1
cluster_814,impact,2
cluster_815,value,1
cluster_816,quantum,3
cluster_817,plane,2
cluster_818,lattice,2
cluster_819,bond,2
cluster_82,resistance,21
cluster_820,bond,2
cluster_821,segregation,3
cluster_822,confinement,2
cluster_823,stability,3
cluster_824,molar,3
cluster_825,propagation,3
cluster_826,mobility,3
cluster_827,total,2
cluster_828,vibrational,2
cluster_829,acceptor,2
cluster_83,distance,22
cluster_830,tuning,3
cluster_831,characteristic,3
cluster_832,interdiffusion,1
cluster_833,open,3
cluster_834,interconnection,1
cluster_835,etch,3
cluster_836,content,1
cluster_837,shift,3
cluster_838,potential,3
cluster_839,constants,2
cluster_84,bond,21
cluster_840,deg,3
cluster_841,qds,3
cluster_842,structure,2
cluster_843,coulomb,1
cluster_844,factor,3
cluster_845,solar,3
cluster_846,size,2
cluster_847,acceptor,3
cluster_848,size,3
cluster_849,chemical,1
cluster_85,bandwidth,24
cluster_850,spectroscopy,2
cluster_851,parasitic,3
cluster_852,presence,1
cluster_853,alignment,2
cluster_854,interface,2
cluster_855,parameter,3
cluster_856,vacancy,3
cluster_857,number,1
cluster_858,equivalent,3
cluster_859,presence,2
cluster_86,ratio,26
cluster_860,cbm,3
cluster_861,behavior,3
cluster_862,type,2
cluster_863,content,1
cluster_864,drain,3
cluster_865,hydrogen,2
cluster_866,content,3
cluster_867,area,2
cluster_868,presence,2
cluster_869,charge,2
cluster_87,dark,26
cluster_870,content,1
cluster_871,stretching,3
cluster_872,cycles,2
cluster_873,tauc,2
cluster_874,graphene,3
cluster_875,loss,3
cluster_876,jsc,3
cluster_877,magnetic,3
cluster_878,characteristics,2
cluster_879,strength,3
cluster_88,band,13
cluster_880,content,2
cluster_881,hall,3
cluster_882,model,2
cluster_883,auger,3
cluster_884,number,2
cluster_885,mosaic,3
cluster_886,radius,2
cluster_887,critical,3
cluster_888,slope,3
cluster_889,jsc,3
cluster_89,frequency,27
cluster_890,synthesis,3
cluster_891,aggregation,3
cluster_892,size,3
cluster_893,carbon,3
cluster_894,inclination,1
cluster_895,residual,2
cluster_896,substrate,1
cluster_897,substitution,1
cluster_898,reconstruction,2
cluster_899,rate,3
cluster_9,doping,93
cluster_90,composition,27
cluster_900,diode,3
cluster_901,enthalpy,2
cluster_902,content,3
cluster_903,dot,4
cluster_904,position,1
cluster_905,open,3
cluster_906,not,3
cluster_907,voids,2
cluster_908,cell,2
cluster_909,parameter,3
cluster_91,light,15
cluster_910,mean,3
cluster_911,incorporation,3
cluster_912,oscillations,2
cluster_913,junction,3
cluster_914,distribution,3
cluster_915,model,3
cluster_916,capacity,3
cluster_917,noise,3
cluster_918,open,3
cluster_919,impedance,3
cluster_92,barrier,23
cluster_920,state,2
cluster_921,rate,3
cluster_922,stretching,2
cluster_923,design,1
cluster_924,shell,3
cluster_925,screw,3
cluster_926,reproducibility,3
cluster_927,dose,3
cluster_928,cost,3
cluster_929,susceptibility,3
cluster_93,presence,26
cluster_930,interdot,2
cluster_931,catalytic,1
cluster_932,shift,3
cluster_933,formation,3
cluster_934,loss,3
cluster_935,coordination,3
cluster_936,characteristics,2
cluster_937,bleaching,2
cluster_938,quasi,1
cluster_939,ablation,3
cluster_94,mobility,23
cluster_940,optimal,1
cluster_941,redox,3
cluster_942,number,3
cluster_943,twin,1
cluster_944,probability,3
cluster_945,rate,3
cluster_946,weight,3
cluster_947,mask,3
cluster_948,removal,1
cluster_949,functional,1
cluster_95,exciton,25
cluster_950,coefficient,2
cluster_951,pec,2
cluster_952,loading,2
cluster_953,quenching,2
cluster_954,presence,1
cluster_955,not,4
cluster_956,non,2
cluster_957,inhomogeneity,1
cluster_958,viability,2
cluster_959,nedt,1
cluster_96,stress,23
cluster_960,rectifying,1
cluster_961,error,3
cluster_962,presence,2
cluster_963,coordinates,3
cluster_964,effect,3
cluster_965,haze,3
cluster_966,dbr,3
cluster_967,cost,3
cluster_968,inductance,2
cluster_969,occupation,3
cluster_97,laser,21
cluster_970,edx,1
cluster_971,occupancy,3
cluster_972,empirical,2
cluster_973,endurance,2
cluster_974,intensity,2
cluster_975,two,1
cluster_976,spontaneous,1
cluster_977,intensity,2
cluster_978,spectroscopy,2
cluster_979,energetic,1
cluster_98,linewidth,21
cluster_980,energy,2
cluster_981,maximum,1
cluster_982,mechanism,1
cluster_983,ratio,2
cluster_984,exciton,1
cluster_985,band,2
cluster_986,maximum,2
cluster_987,temperature,1
cluster_988,photovoltage,2
cluster_989,minimum,1
cluster_99,spacing,22
cluster_990,exciton,2
cluster_991,deep,1
cluster_992,photosensitive,1
cluster_993,peak,2
cluster_994,efficiency,2
cluster_995,contrast,1
cluster_996,lateral,1
cluster_997,peak,1
cluster_998,current,1
cluster_999,plasmonic,1
